img_name,sca_x,sca_y,cab_x,cab_y,gt_x,gt_y,bilinear_x,bilinear_y,class_name,linear_x,linear_y
81.jpg,12.165784867887048,19.018693308391995,,,11.6,17.4,11.82820866010325,17.692576385483704,silver,11.829469031178824,17.700205652941303
81.jpg,-11.137915289377565,4.0450247646082875,,,-10.15,4.35,-10.796999830357066,3.787647202985327,white,-10.795738269173926,3.786177536882341
81.jpg,-14.990241450572455,13.707352353808162,,,-13.05,13.05,-14.400907701314184,12.844515907418735,black,-14.39975233040509,12.84541822168035
61.jpg,-13.765763474292976,4.579861507311279,,,-13.05,4.35,-13.310413543137352,4.280353179652603,silver,-13.310327471050082,4.280393083971469
61.jpg,-11.854625355113637,13.84469713667751,,,-10.15,13.05,-11.43057113470572,12.9666792024524,black,-11.43056728928719,12.966679202452754
61.jpg,4.842347568139098,20.65481485224708,,,4.35,18.85,4.776473687264961,19.251975478123907,white,4.776512454376125,19.252853291246005
27.jpg,-5.64607823046608,20.695383894329087,,,-4.35,18.85,-5.343952895101666,19.340539025747645,black,-5.3458557112035106,19.34053902574752
27.jpg,-9.004995053774351,0.35618120477152443,,,-8.7,0.0,-8.703949255347739,0.3269032908270946,silver,-8.704551359253875,0.31525616130769385
27.jpg,-4.741213273773924,7.894483035637766,,,-4.35,7.25,-4.528880617432616,7.373520834575898,white,-4.528856264482842,7.373569410938462
57.jpg,-13.76926044247693,4.5822792208184655,,,-13.05,4.35,-13.313843106661853,4.282537677559498,silver,-13.313758684963174,4.2825768167333
57.jpg,5.198595031613124,13.901341140128393,,,4.35,13.05,5.118104774217865,12.925978442280094,black,5.1179967341184955,12.926238875781232
57.jpg,11.021597784411313,24.035529576702814,,,10.15,21.75,10.719171905517578,22.404245793109983,white,10.719171905514234,22.405781103429987
86.jpg,12.196250013350138,15.80736998131219,,,11.6,14.5,11.860266660826186,14.69592173622278,silver,11.860266660821605,14.687667898560928
86.jpg,-5.252557519063996,17.444572751120702,,,-4.35,15.95,-4.9773880578530685,16.28381438559674,black,-4.9786214603996815,16.283814385597154
86.jpg,1.4737151160927888,24.02911243045972,,,1.45,21.75,1.53907119734065,22.486994111425012,white,1.5392036206794408,22.48672503847161
112.jpg,8.985706075380211,15.943592415534145,,,8.7,14.5,8.763864200118762,14.837191107205133,silver,8.765617418791631,14.846981449371082
112.jpg,15.088092679319036,24.599546381245496,,,13.05,21.75,14.588789375874368,22.90416319695096,black,14.590883360817095,22.902010709289154
112.jpg,-4.8116927172334245,15.911619019482666,,,-4.35,14.5,-4.560083902559903,14.856478207236842,white,-4.559543994209406,14.856478207237213
99.jpg,-3.186557814102016,25.238681308753215,,,-2.9,23.2,-2.9488440518111267,23.611123368112665,silver,-2.9661460064827185,23.611123368113148
99.jpg,11.448388571748975,19.21328790220376,,,10.15,17.4,11.136821989141824,17.877182296744294,white,11.13594932154648,17.871899872681098
99.jpg,5.110953052909262,20.89554509671371,,,4.35,18.85,5.034269565877466,19.477502568284205,black,5.03436666974277,19.479701314720113
26.jpg,-5.640569029551863,20.682361039246196,,,-4.35,18.85,-5.338719473442442,19.328183147471435,black,-5.340564505274793,19.328183147471314
26.jpg,-4.745457449109279,7.882609610000731,,,-4.35,7.25,-4.533061444810546,7.362292897028499,white,-4.5330387644056245,7.362338137197872
32.jpg,-14.598157564320958,24.041210526424738,,,-13.05,21.75,-13.878375319293157,22.497825937875508,white,-13.878495205804011,22.498900853206884
32.jpg,8.454557936923274,10.363142545679976,,,7.25,10.15,8.252392425773527,9.597043132134715,black,8.254387335525468,9.595005777492606
32.jpg,-15.14409159662295,6.3300564012235405,,,-14.5,5.8,-14.633258285328314,5.917076986166763,silver,-14.649737572659069,5.911533563601044
102.jpg,-0.2509512639909433,15.61690972273238,,,0.0,14.5,-0.1507684178999946,14.576293129743107,black,-0.15394582210741348,14.582749344675427
102.jpg,5.864164962299213,22.266483438082997,,,5.8,20.3,5.756820632275279,20.765834288891316,silver,5.756507428278532,20.758742334611114
102.jpg,-8.32380539639226,5.724502165305682,,,-7.25,5.8,-8.037151589966372,5.335897100046853,white,-8.038742147692673,5.335911905770425
117.jpg,1.7362151828434724,24.3614138874462,,,1.45,21.75,1.7928115161635285,22.794031955646116,black,1.79347029458744,22.792693373955967
117.jpg,8.98611065127307,15.933885453774115,,,8.7,14.5,8.764239765674025,14.828091759731004,silver,8.766006823088507,14.837959380343534
85.jpg,12.195196954566816,19.004565155534817,,,11.6,17.4,11.856568168929122,17.679318190923865,silver,11.857813297400114,17.686855191977113
85.jpg,-5.196347602849453,17.414599322185317,,,-4.35,15.95,-4.922668793877621,16.255678607047873,black,-4.92369956003591,16.25567860704829
85.jpg,1.4907886059253246,24.05514409873,,,1.45,21.75,1.5556041059875723,22.51105244384274,white,1.5557631923038748,22.51072919398823
91.jpg,8.32292365323821,20.782056491304814,,,7.25,18.85,8.122125138879147,19.34465080485253,black,8.12202700848253,19.344848109587343
91.jpg,-14.485215074039859,13.735562521865877,,,-13.05,13.05,-13.92553921903224,12.868758319379348,white,-13.924874161472413,12.869277711824264
91.jpg,9.063876332343643,6.450645190792305,,,8.7,5.8,8.820909222341541,5.9537507541516685,silver,8.820909222342173,5.953750754152116
35.jpg,5.26802722359877,21.048924721250508,,,4.35,18.85,5.185008137725846,19.621084800295474,black,5.18515375092306,19.62438195533322
35.jpg,-15.168572309680453,6.31787505687806,,,-14.5,5.8,-14.657237895631235,5.905478323449472,silver,-14.673548597945246,5.899991610738209
35.jpg,-11.262925368730777,17.879578637772763,,,-10.15,15.95,-10.804746741333734,16.69215035945811,white,-10.804741115220192,16.69215035945817
79.jpg,15.186367841656699,3.567998505675139,,,13.05,4.35,14.678557066552061,3.2681478886811,black,14.67855706654835,3.268147888680235
79.jpg,12.151831839008032,19.011768647925862,,,11.6,17.4,11.814774387366022,17.686192008239864,silver,11.816055708158029,17.693948088342697
79.jpg,-11.198794282403453,4.057610816441902,,,-10.15,4.35,-10.855132380782821,3.799415353744724,white,-10.85378400931355,3.7978445572830712
107.jpg,-0.2252132684338688,15.628367909459653,,,0.0,14.5,-0.12603370193610194,14.586862707877643,black,-0.12924698224966846,14.593391820004374
107.jpg,-8.264355001495217,5.921841448191254,,,-7.25,5.8,-7.978143249278824,5.520588366973007,white,-7.979890860914081,5.520604634634563
95.jpg,-11.772571943886705,10.152598364566293,,,-10.15,10.15,-11.37374068831128,9.512177227913066,black,-11.37374401076598,9.512177227913206
95.jpg,11.159285220330656,19.261786603272622,,,10.15,17.4,10.858283581239945,17.92399451266353,white,10.857687345806347,17.920385385409222
95.jpg,-3.180882136983083,25.245718304383338,,,-2.9,23.2,-2.9433255602854405,23.61765939812911,silver,-2.9606250519448185,23.617659398129597
49.jpg,-1.8160269726161995,10.118981063748883,,,-1.45,10.15,-1.6931066761646412,9.413080269485384,black,-1.6929022921822252,9.413486863151912
49.jpg,13.653110381600309,1.5775222064559509,,,13.05,1.45,13.209585652138355,1.4115461856037494,silver,13.20958706444836,1.4115291486758088
43.jpg,-1.8179743570574163,10.13556554532587,,,-1.45,10.15,-1.694984436082145,9.428701019193632,black,-1.694782835705329,9.429102075261786
43.jpg,12.041310996774607,25.22625824320664,,,11.6,23.2,11.690422185262044,23.5069193415963,silver,11.690422185261465,23.51325119440932
18.jpg,1.6059862680493848,20.882720834152877,,,1.45,18.85,1.640608510071834,19.515469346028212,black,1.6411247190153233,19.515198685119575
18.jpg,-12.264246348070106,16.03980748349406,,,-11.6,14.5,-11.787160374113121,14.985691515604653,silver,-11.78714553408698,14.985691515604586
18.jpg,1.5390144395078607,7.670367362524193,,,1.45,7.25,1.5653232096517007,7.10887375627998,white,1.5652857776912263,7.108858830877795
38.jpg,-15.088546133399907,10.145448030779638,,,-13.05,10.15,-14.532045309547842,9.500893977826998,black,-14.533907725355533,9.502130019230812
38.jpg,12.207663312222317,6.624960278525744,,,11.6,5.8,11.842018185174158,6.116520503864598,silver,11.835343237026276,6.117772576952673
38.jpg,-11.242289094540327,17.816388102041685,,,-10.15,15.95,-10.786083930878076,16.63283399216672,white,-10.78607891885813,16.632833992166784
113.jpg,1.7450287428443267,24.375128807378694,,,1.45,21.75,1.8013371143309578,22.806729326802422,black,1.802019917430684,22.80534192901568
113.jpg,17.58633526732314,1.11440620025161,,,15.95,1.45,16.963125849057764,0.9689314267112998,white,16.961378211581817,0.9706974603711234
113.jpg,8.973847549448907,15.931700936031467,,,8.7,14.5,8.752418371954422,14.826147725982155,silver,8.754203587582747,14.836116745883587
19.jpg,1.6069948041267943,20.897354495248024,,,1.45,18.85,1.6417238962924876,19.52934223278642,black,1.6422532722128764,19.529064668111516
19.jpg,-15.110846685695062,9.703907647757816,,,-14.5,8.7,-14.556955653458822,9.0872106657205,silver,-14.559958466222433,9.08920356166155
19.jpg,1.545665744617225,7.67248267378188,,,1.45,7.25,1.5718046343106076,7.110860833572195,white,1.5717635550127689,7.110844453851948
90.jpg,8.427770754122523,20.84441053126116,,,7.25,18.85,8.22329221900694,19.403749359544054,black,8.22316959475615,19.403995912560173
90.jpg,-14.47076745597125,13.762548036037565,,,-13.05,13.05,-13.911699907403074,12.893995062854154,white,-13.91113617197267,12.89443532538362
90.jpg,6.125298375555366,9.49912264978384,,,5.8,8.7,6.009444619725086,8.807840718598337,silver,6.012475007709874,8.807808480428461
21.jpg,-5.650600188770933,20.679516552415087,,,-4.35,18.85,-5.348346276760619,19.325484343497983,black,-5.350198738979156,19.32548434349786
21.jpg,-15.122467595880682,9.711954656871344,,,-14.5,8.7,-14.567966756097768,9.094720796799404,silver,-14.570924266947621,9.09668362692978
21.jpg,-4.735665357463261,7.880000826415504,,,-4.35,7.25,-4.523504569943892,7.3598566655145925,white,-4.523483602969161,7.359898487937578
42.jpg,-5.413782948137389,21.02865023013486,,,-4.35,18.85,-5.120323899427421,19.656736837407593,black,-5.122752180544662,19.65673683740747
42.jpg,5.888567276678913,22.233470941764583,,,5.8,20.3,5.780246335256531,20.734092754703124,silver,5.780578879622929,20.741622637678248
42.jpg,1.5260602678571429,9.116899245320411,,,1.45,8.7,1.5559745050389844,8.466704835282995,white,1.555738531849066,8.46670483528204
58.jpg,-8.67779381648368,24.40767190319042,,,-7.25,21.75,-8.2159746739078,22.839273745888157,black,-8.21787880381995,22.839273745886814
58.jpg,-13.783629177925283,4.562158689057042,,,-13.05,4.35,-13.32809790085915,4.263962387947101,silver,-13.327984735636342,4.2640148530525686
58.jpg,11.012983608702154,24.03307625696061,,,10.15,21.75,10.710967127482096,22.401981439922064,white,10.710967127478753,22.40348938116855
98.jpg,-1.8004769336338005,10.186018075854179,,,-1.45,10.15,-1.6780614427363774,9.47568542951397,black,-1.6778859839107731,9.476034480581307
98.jpg,11.167777442541013,19.251610241005906,,,10.15,17.4,10.866470458216932,17.914434477360835,white,10.865861109683816,17.910745974004108
98.jpg,-3.175363257219754,25.240615078361948,,,-2.9,23.2,-2.9380623556135768,23.61291947214227,silver,-2.9552566203665283,23.612919472142757
114.jpg,1.7362693843984964,24.37423614402196,,,1.45,21.75,1.7929187378417755,22.80595567110574,black,1.7935851384672787,22.804601601750655
114.jpg,8.985735111927546,15.927167409770325,,,8.7,14.5,8.763867934757927,14.821799750045423,silver,8.76564536646844,14.83172530291105
114.jpg,-14.38830220971463,0.8170793437314074,,,-13.05,1.45,-13.95509407140383,0.8097889227367514,white,-13.953323144023479,0.8121115771076752
30.jpg,11.250425135103384,24.11468374163131,,,10.15,21.75,10.937123998006186,22.477360965352233,white,10.937123998002797,22.479721470326247
30.jpg,-5.101533596954033,13.741911464616548,,,-4.35,13.05,-4.865824404413569,12.84170877621855,black,-4.865949527062904,12.842053558629846
30.jpg,-9.034830106160289,0.36339071511778265,,,-8.7,0.0,-8.733303746999038,0.33450932795938115,silver,-8.73391384536161,0.32270755325559164
59.jpg,-13.771711127071942,4.5651405858655325,,,-13.05,4.35,-13.316348196101936,4.266804594532205,silver,-13.316243179334654,4.266853281890691
59.jpg,-15.084194038896957,24.423870232641182,,,-13.05,21.75,-14.331727284519795,22.851817041215963,black,-14.332006320959984,22.85431891190345
59.jpg,11.025157665114492,24.048534377920063,,,10.15,21.75,10.72256259918213,22.41635624737051,white,10.722562599178783,22.417929292653962
74.jpg,-7.218739253139953,15.55173927973593,,,-5.8,14.5,-6.922956093228545,14.522218403063322,black,-6.923884004183854,14.522218403063334
74.jpg,4.4401662225521195,23.54320066065324,,,4.35,21.75,4.390414212310721,22.007580396412767,silver,4.390402407786503,22.007518792013247
74.jpg,-11.11434922756109,4.056491978268384,,,-10.15,4.35,-10.774548232840644,3.7981983426872103,white,-10.773354261980884,3.7968074164887917
92.jpg,-11.978605604921395,24.2821694531895,,,-10.15,21.75,-11.386047575116113,22.722705849095394,black,-11.38603307778747,22.722705849097355
92.jpg,9.084445822475223,6.414475273971665,,,8.7,5.8,8.840414097171804,5.920331673347513,silver,8.840414097172435,5.920331673347956
92.jpg,-14.460520942359452,13.760695508824217,,,-13.05,13.05,-13.902079420825892,12.892211903242808,white,-13.90151549482292,12.892652314604433
71.jpg,-7.216929308356117,15.530002425503305,,,-5.8,14.5,-6.921510250301972,14.502029001336348,black,-6.922456806926659,14.50202900133636
71.jpg,-14.057214914505725,23.388246337835472,,,-13.05,21.75,-13.377269954914095,21.892348768466416,silver,-13.377278051242651,21.892421361019355
71.jpg,3.3582102673231375,9.00149592716096,,,2.9,8.7,3.3323322664489696,8.358376815471244,white,3.3343777274464337,8.358376815471589
48.jpg,-1.8046214168233083,10.114342223271498,,,-1.45,10.15,-1.6820845530583963,9.408463556598589,black,-1.6818882142119307,9.408854145579772
48.jpg,13.559039711316645,4.824535518428089,,,13.05,4.35,13.121178116105211,4.458095523790498,silver,13.121203091538796,4.458061393661536
94.jpg,-12.007649895334929,24.268422437495868,,,-10.15,21.75,-11.413925254299219,22.709937487150494,black,-11.413910618430556,22.709937487152448
94.jpg,9.101794191622522,6.430122960520354,,,8.7,5.8,8.856975617084204,5.934789304084179,silver,8.856975617084839,5.934789304084623
82.jpg,-15.070615581478554,24.269848692881567,,,-13.05,21.75,-14.321321639163267,22.709106713147865,black,-14.321562043810449,22.711262207030916
82.jpg,12.159880769929083,19.01180876762729,,,11.6,17.4,11.822529679193064,17.686196863155693,silver,11.82380292010156,17.693904034176406
82.jpg,-11.188977993634655,4.086022585999284,,,-10.15,4.35,-10.845850224244963,3.8256573810825616,white,-10.84458350332767,3.824181704104723
62.jpg,-1.6538946353810662,7.8690932825903,,,-1.45,7.25,-1.536616134952012,7.297022843254541,silver,-1.5366207703848858,7.297013621701716
62.jpg,-11.82074551168404,13.870057802941442,,,-10.15,13.05,-11.39815841159883,12.990390430980959,black,-11.398155728878343,12.990390430981313
62.jpg,4.8881188455869795,20.624747142013337,,,4.35,18.85,4.820412022262142,19.222798336287276,white,4.82045167938022,19.22369630205254
36.jpg,5.257227563760253,21.047490441924527,,,4.35,18.85,5.17464278101534,19.619874742955112,black,5.174786360933723,19.623125857965707
36.jpg,12.199095594988892,6.621797843060837,,,11.6,5.8,11.833697650190832,6.113594568925448,silver,11.826960638858814,6.114858283698348
36.jpg,-11.264329769736843,17.88108713854638,,,-10.15,15.95,-10.806060585779942,16.693566375083112,white,-10.806054936746534,16.693566375083172
93.jpg,-14.628489625608765,8.952355310869281,,,-13.05,8.7,-14.102705735496778,8.383900010586698,white,-14.105147049841493,8.385520253282934
93.jpg,-11.982125802343216,24.264954089307587,,,-10.15,21.75,-11.389669929610696,22.706716051603618,black,-11.38965563087385,22.70671605160558
93.jpg,9.075105733082708,6.441827883411399,,,8.7,5.8,8.83158371868766,5.945604030748936,silver,8.831583718688293,5.945604030749383
65.jpg,-14.058863706451854,23.500162250948463,,,-13.05,21.75,-13.377084850766801,21.996243678989504,silver,-13.377098933929872,21.996369950143535
65.jpg,4.734147713922591,12.630897635868644,,,4.35,11.6,4.672908687304852,11.74626173249138,white,4.6724318647537615,11.747411125797257
65.jpg,11.745254360154648,17.54897223817153,,,10.15,15.95,11.424604965293026,16.324271922350533,black,11.425038006061648,16.326893201039887
52.jpg,-8.625389623739748,17.432889894065443,,,-7.25,15.95,-8.26272543307129,16.272847796500997,black,-8.262703215987822,16.272847796501427
52.jpg,-13.788505382107614,4.550419162923516,,,-13.05,4.35,-13.332962831585697,4.253156018178278,silver,-13.332833352367022,4.253216046698484
105.jpg,-0.22884864416011622,15.638897325098919,,,0.0,14.5,-0.12949489242862386,14.59670687064453,black,-0.13267650849172696,14.603171643709146
105.jpg,-15.325316431615262,-0.03689758790525544,,,-14.5,0.0,-14.90278851473403,-0.0076214271846613,silver,-14.907283052948078,-0.013516224985950398
105.jpg,-8.381137091218815,5.7208587949199305,,,-7.25,5.8,-8.093796081846117,5.333004378057826,white,-8.095496085485411,5.333020202559843
39.jpg,12.193830301072284,6.609740869789779,,,11.6,5.8,11.82848499756596,6.102466058629881,silver,11.821654190781405,6.1037473673614535
39.jpg,-15.00873773122437,20.64901956137609,,,-13.05,18.85,-14.315908724371251,19.290747659155937,black,-14.315325287203937,19.289746458154653
39.jpg,7.948793548145933,20.803093256747555,,,7.25,18.85,7.761024383462981,19.36257866961133,white,7.760964875263834,19.36269831907667
54.jpg,-13.773123271157296,4.5610714451483965,,,-13.05,4.35,-13.317760461298107,4.263061567162598,silver,-13.31765017368986,4.263112698162518
54.jpg,-8.61076681850222,17.426155802181086,,,-7.25,15.95,-8.248628207558239,16.26652656717503,black,-8.248606745040457,16.266526567175465
54.jpg,11.109597880532299,23.994180206428073,,,10.15,21.75,10.802989705403647,22.36549828517227,white,10.802989705400282,22.367155370825657
56.jpg,8.412983408450103,10.397750803122609,,,7.25,10.15,8.212569745612827,9.629758371969299,black,8.214371851870041,9.627917923023931
56.jpg,-13.793634688194208,4.546075202251613,,,-13.05,4.35,-13.338036849254657,4.249126859569608,silver,-13.337899681773436,4.249190452484385
56.jpg,11.106880059701812,23.990543355493802,,,10.15,21.75,10.800401051839193,22.36211662705531,white,10.800401051835834,22.363758075273743
106.jpg,-15.722578502141364,25.227656414801334,,,-14.5,23.2,-14.922301537538644,23.594675707529127,silver,-14.922513073686439,23.596572363345565
106.jpg,-0.23608068021616543,15.628751052608274,,,0.0,14.5,-0.1364633872255567,14.587272275256849,black,-0.1396502391219343,14.593747687089078
106.jpg,-7.587659233755553,5.613399177642835,,,-7.25,5.8,-7.309907067545925,5.224836197042482,white,-7.3100144579385145,5.224837196687154
110.jpg,8.786875413854238,22.246913047727375,,,8.7,20.3,8.569411709726571,20.722974779196708,silver,8.569720703131356,20.722353505221033
110.jpg,-13.568156219294687,24.30382606801927,,,-11.6,21.75,-12.899628376756064,22.74282072368421,black,-12.899630620499199,22.742820723683693
110.jpg,-4.865377421714799,15.85984655077744,,,-4.35,14.5,-4.613205239233181,14.808391434518914,white,-4.612512393617212,14.808391434519287
51.jpg,-5.261213313824333,6.876379414444806,,,-4.35,7.25,-5.048334924775641,6.41981922120905,black,-5.052057848791261,6.421182679787551
51.jpg,-13.800551677711681,4.560705352872884,,,-13.05,4.35,-13.344766542634654,4.262475652766109,silver,-13.34464483415346,4.262532078655123
67.jpg,-14.038383261732102,23.502398924302963,,,-13.05,21.75,-13.357690708288237,21.998328773294553,silver,-13.357703938201556,21.998447394119683
67.jpg,11.78899114351931,17.64313317741843,,,10.15,15.95,11.466693300561362,16.412161727392384,black,11.467245733015815,16.415505706818248
67.jpg,-1.4893619435663021,7.277569407757394,,,-1.45,7.25,-1.3803819815803995,6.74929426196791,white,-1.3802469543335185,6.749461583866923
96.jpg,11.188724407787937,19.241143010903855,,,10.15,17.4,10.886655700843658,17.904538499218354,white,10.886022563733981,17.90070599905244
96.jpg,-11.816292273207878,10.265009755991896,,,-10.15,10.15,-11.414774809469167,9.617696753968584,black,-11.414777675623947,9.61769675396872
96.jpg,-3.1818325999658237,25.241375346703972,,,-2.9,23.2,-2.9442769115844034,23.613625616776314,silver,-2.9615496046999716,23.6136256167768
73.jpg,-7.226329406613124,15.51169981771275,,,-5.8,14.5,-6.931000222975647,14.485029361122532,black,-6.93192886294953,14.485029361122542
73.jpg,4.441335427524778,23.5344104340708,,,4.35,21.75,4.39153582012199,21.999300427556612,silver,4.391524077868471,21.99923914812986
73.jpg,3.2760368383672254,8.967224675210305,,,2.9,8.7,3.252554070717353,8.326206710490775,white,3.2546971140850935,8.326206710491116
84.jpg,12.20750457909689,19.002515038791948,,,11.6,17.4,11.86842992940817,17.677362608037388,silver,11.869664697319102,17.684836894636668
84.jpg,-5.304619080549385,24.313857999360852,,,-4.35,21.75,-4.993951652611593,22.7521384791324,black,-4.998799551976811,22.752138479132164
84.jpg,1.468995709266063,24.104124236215974,,,1.45,21.75,1.5348897097890053,22.556721916042918,white,1.5350281160707553,22.556440686258608
109.jpg,-15.094198581280974,3.327091233025966,,,-13.05,4.35,-14.631805362312987,3.1167010628702148,black,-14.638993589409603,3.113368492283262
109.jpg,8.795098564059296,22.21574405168949,,,8.7,20.3,8.577361221435373,20.693731104017242,silver,8.57768092356472,20.693088298669835
109.jpg,-4.840082717447027,15.88577992577923,,,-4.35,14.5,-4.588158548919105,14.832478605571545,white,-4.587539910603693,14.832478605571918
60.jpg,-13.776370525034178,4.5560133537911085,,,-13.05,4.35,-13.320984879442667,4.258395188046883,silver,-13.320867349142056,4.2584496768683096
60.jpg,-15.094077111724625,24.424933404728968,,,-13.05,21.75,-14.341050965830016,22.85278364524028,black,-14.341332331102038,22.855306396484046
60.jpg,4.890325623184381,20.63470485190728,,,4.35,18.85,4.822529282579748,19.23224731408363,white,4.822570127953057,19.233172185801084
108.jpg,15.178918999380553,3.536300932570965,,,13.05,4.35,14.671420421987555,3.2384506133738524,black,14.671420421983846,3.2384506133729873
108.jpg,8.794624300452837,22.25647156659213,,,8.7,20.3,8.576889654361398,20.731987123956035,silver,8.577197671306724,20.731367813287147
108.jpg,-8.26341615313141,5.941701703389676,,,-7.25,5.8,-7.977188303843302,5.5392221144161775,white,-7.978961473743555,5.539238619987115
72.jpg,-7.810548610517772,23.461619253788474,,,-7.25,21.75,-7.38993168926343,21.96057083932977,silver,-7.389973835738941,21.960570839328316
72.jpg,-7.257697588698308,15.501417138237255,,,-5.8,14.5,-6.961902511963554,14.475478708367598,black,-6.9627397028258,14.475478708367607
72.jpg,3.2916701154519825,8.982874367744067,,,2.9,8.7,3.267759454391111,8.3408969311004,white,3.269901483225226,8.340896931100742
44.jpg,-1.8467689331638757,10.133150339300023,,,-1.45,10.15,-1.7228140858740892,9.427089883478875,black,-1.7225890831269446,9.427537495326296
44.jpg,12.055937673551778,19.068341438906714,,,11.6,17.4,11.722302727908623,17.739227873922946,silver,11.723617473401642,17.7471862801415
31.jpg,-14.611887979670412,24.014406553902006,,,-13.05,21.75,-13.891773027275429,22.47294888693107,white,-13.891890823742475,22.47400506270524
31.jpg,-9.03225456441174,0.357443470877641,,,-8.7,0.0,-8.730766968684753,0.3288802323697002,silver,-8.731379098385691,0.317039163350082
31.jpg,-5.155769995834757,13.735743060522294,,,-4.35,13.05,-4.919152233917493,12.835956519853731,black,-4.91929387202128,12.836346811517297
47.jpg,-1.8358860352230009,10.127220647429255,,,-1.45,10.15,-1.7122977925998557,9.421272001648093,black,-1.7120797235972418,9.421705819769695
47.jpg,7.422165432224026,8.002456185093116,,,7.25,7.25,7.260603367143391,7.389730961927943,silver,7.2607662140373606,7.389621917301577
87.jpg,-5.2228173193993515,17.408978552015526,,,-4.35,15.95,-4.94850409828434,16.250402442445147,black,-4.949562739220559,16.25040244244556
87.jpg,1.490558249316473,24.07727212005153,,,1.45,21.75,1.5554865776444595,22.531614465051383,white,1.5556496525766974,22.531283110668742
87.jpg,2.9464778334330144,12.571635821899712,,,2.9,11.6,2.9379970469373333,11.701166779499298,silver,2.9379970469375074,11.70807987020971
104.jpg,-0.2493794188952495,15.631994730468566,,,0.0,14.5,-0.14921895038395414,14.590362891060247,black,-0.1523674855951178,14.59676044664911
104.jpg,15.225772372159092,0.16991445798327046,,,14.5,0.0,14.716689269108803,0.08796350746547743,silver,14.716310064672292,0.09253791049380222
104.jpg,-8.352698696759655,5.724520720667591,,,-7.25,5.8,-8.065695568008026,5.3361802197155,white,-8.067344277398396,5.336195566744457
76.jpg,8.381885266255127,24.379437663311844,,,7.25,21.75,8.18015369570861,22.733864791554407,black,8.181223485821782,22.740989641676897
76.jpg,5.912868931027854,12.612820701398608,,,5.8,11.6,5.805419769415028,11.722369945016998,silver,5.807601429107429,11.717110996911854
76.jpg,-11.111094230604921,4.01645753120788,,,-10.15,4.35,-10.771312844201729,3.761172992884191,white,-10.770045232484726,3.7596962781618886
63.jpg,-11.612257778457153,6.906096077291069,,,-10.15,7.25,-11.238538473133495,6.4647157709649266,black,-11.23854211368641,6.464715770964812
63.jpg,-14.052558420198224,23.512143999779347,,,-13.05,21.75,-13.370938064463378,22.00736952088653,silver,-13.37095247363285,22.007498715048964
63.jpg,4.9190853554340395,20.596621225328615,,,4.35,18.85,4.850139622383546,19.195660051945875,white,4.850178716064111,19.19654525965849
55.jpg,1.8089788346932674,13.988693766043296,,,1.45,13.05,1.8315069969664228,13.035774296667562,black,1.8315069969665245,13.035754387624248
55.jpg,-13.796675298642558,4.541479991949529,,,-13.05,4.35,-13.341055884927014,4.244886423645723,silver,-13.34091152973804,4.244953348890311
55.jpg,11.087245546394396,23.986898480619246,,,10.15,21.75,10.78169968922933,22.35876775571087,white,10.781699689225974,22.360353284309685
45.jpg,-1.8211257903280929,10.124618884791778,,,-1.45,10.15,-1.6980330967020036,9.418491648611273,black,-1.6978261009693547,9.418903437993691
45.jpg,12.069164788747438,19.075962176192586,,,11.6,17.4,11.735036557988302,17.74626248733827,silver,11.736330392733638,17.75409431679689
45.jpg,1.5843966272214627,23.78687569120454,,,1.45,21.75,1.644355511573938,22.261008499463127,white,1.6445445714951177,22.260624345794444
111.jpg,8.67676689059296,22.283997693740528,,,8.7,20.3,8.46309413978242,20.757338179573942,silver,8.463368754580483,20.756786028541573
111.jpg,-4.8194899980775805,15.921691070525672,,,-4.35,14.5,-4.567615748869171,14.86583322625411,white,-4.567062638985979,14.865833226254484
111.jpg,15.03022477625171,24.561510898308544,,,13.05,21.75,14.533731927789166,22.869642203022043,black,14.535845753475044,22.867469320297246
20.jpg,1.5988490847146275,20.909845764287017,,,1.45,18.85,1.6339380957098995,19.541314020689015,black,1.6344570280107114,19.54104193185789
20.jpg,-15.120440360934296,9.714651703799708,,,-14.5,8.7,-14.566011771942197,9.097252136399007,silver,-14.568966379582296,9.099213039737604
20.jpg,-4.746302412636705,7.900235197829724,,,-4.35,7.25,-4.53383456581847,7.378939601041532,white,-4.533808399488414,7.378991794519019
115.jpg,-14.775761541860689,25.685809363191144,,,-13.05,23.2,-14.02040781665685,24.02246189560817,white,-14.020279737095285,24.021313520504304
115.jpg,1.7574621924128504,24.38565421104781,,,1.45,21.75,1.8133260266878817,22.816437987203678,black,1.8140378999681168,22.814991521284202
115.jpg,8.975688466549897,15.939271523690559,,,8.7,14.5,8.754203751503214,14.833226753562842,silver,8.755975470292451,14.843120404273371
80.jpg,8.448766113615005,3.4792973562960525,,,7.25,4.35,8.232871175451248,3.17781965797606,black,8.233925703795698,3.1713578672664937
80.jpg,12.155457535885168,19.015720438516325,,,11.6,17.4,11.818262264602808,17.689853157667198,silver,11.819535928764438,17.69756289072018
80.jpg,-11.177139793286484,4.074374332186502,,,-10.15,4.35,-10.834519598532204,3.814865127776459,white,-10.833248201970175,3.8133840038677316
70.jpg,-14.057605940009825,23.385690712854633,,,-13.05,21.75,-13.3776793991763,21.889976195200113,silver,-13.377687371026756,21.890047671669027
70.jpg,-1.7160251035970608,17.359962306798273,,,-1.45,15.95,-1.5492852181079446,16.204391349630153,black,-1.5492454414577743,16.204391349629535
70.jpg,3.283882513456938,8.960583861631761,,,2.9,8.7,3.260139816911059,8.319973040641623,white,3.2622555488056335,8.319973040641965
97.jpg,8.43011690714713,6.943929958728354,,,7.25,7.25,8.218456772193441,6.409519662906986,black,8.218456772194198,6.409519662907561
97.jpg,11.151348564059296,19.25877762566567,,,10.15,17.4,10.850639878850624,17.921223006894,white,10.850048314145162,17.917642152451492
97.jpg,-3.1839967906271363,25.24367019362554,,,-2.9,23.2,-2.9463382659473663,23.61575709292763,silver,-2.963654798142459,23.615757092928117
103.jpg,-0.24138468952922082,15.620237651965668,,,0.0,14.5,-0.1415771467606503,14.57935271226765,black,-0.14477001939672007,14.585840357730525
103.jpg,8.891137912252221,12.587012700463777,,,8.7,11.6,8.672019865636326,11.68399579342023,silver,8.674205113906464,11.692901267553676
103.jpg,-8.32476360245429,5.726090403985886,,,-7.25,5.8,-8.038095804620482,5.337396754134183,white,-8.039690697485273,5.337411600211438
64.jpg,-14.04058278019267,23.502952576182643,,,-13.05,21.75,-13.359761195481065,21.998841827095042,silver,-13.359774557386203,21.99896163137297
64.jpg,8.477161921138073,24.548118941972533,,,7.25,21.75,8.27239762579234,22.89338222423136,black,8.27376287331695,22.902474833961524
64.jpg,4.7758248381963435,12.65297350157832,,,4.35,11.6,4.712942189592462,11.766538357671937,white,4.712414574794746,11.767810187024944
89.jpg,8.337952970138414,20.78214074267781,,,7.25,18.85,8.13663058731585,19.344803896933588,black,8.136530790925285,19.34500455137965
89.jpg,2.9931027853725225,12.598490947041764,,,2.9,11.6,2.9833509729263623,11.725977799574686,silver,2.9833509729265373,11.732545762014677
89.jpg,-14.458267222343856,13.764952209145518,,,-13.05,13.05,-13.899920554910606,12.896192553541027,white,-13.899372196184942,12.896620807268935
75.jpg,5.280749102870814,6.892826486044409,,,4.35,7.25,5.1831277776115545,6.377392015823929,black,5.181801563451234,6.3747948464266635
75.jpg,4.452644194826555,23.526304248397665,,,4.35,21.75,4.402387421530021,21.991430686822888,silver,4.4023730788930635,21.991355836746756
75.jpg,-11.1521915918169,4.049630004835729,,,-10.15,4.35,-10.810637648294234,3.7919363077378527,white,-10.80935880030411,3.7904465032265215
46.jpg,-1.8152933158535545,10.129565643977607,,,-1.45,10.15,-1.6923948603993817,9.423004661754522,black,-1.6921938170378361,9.423404609717828
46.jpg,12.074370073799555,19.06835347481714,,,11.6,17.4,11.740061941461372,17.739159564745236,silver,11.741359118260778,17.747011624297105
50.jpg,-1.8295096094284007,10.125110351134246,,,-1.45,10.15,-1.706135725790545,9.419144465174329,black,-1.7059221586219948,9.419569327519655
50.jpg,-13.769040248659646,4.554779672972259,,,-13.05,4.35,-13.313774514360361,4.257331250698639,silver,-13.313658640340108,4.25738497164349
101.jpg,-0.2522927524777854,15.633388890093121,,,0.0,14.5,-0.15201142228562792,14.591677812461688,black,-0.1551501084740714,14.598055355674603
101.jpg,-3.1831315015165758,25.262030974983166,,,-2.9,23.2,-2.9453480032595882,23.632810765316613,silver,-2.9628130973653644,23.6328107653171
101.jpg,-8.33889956158151,5.72982053322597,,,-7.25,5.8,-8.052055077989486,5.341028131751564,white,-8.053684202253867,5.341043296472167
25.jpg,-5.667011645324248,20.69294261049731,,,-4.35,18.85,-5.364028740991853,19.338222774382558,black,-5.3659608063943605,19.338222774382434
25.jpg,-12.286375584735989,6.594454260553923,,,-11.6,5.8,-11.882238766842304,6.172180500436336,silver,-11.882233512953697,6.172180500436351
25.jpg,-4.758188039345523,7.881188369577714,,,-4.35,7.25,-4.545500509913124,7.360913919357549,white,-4.545476504854673,7.360961801787951
37.jpg,12.212434984834246,6.608431964530754,,,11.6,5.8,11.846471125226774,6.101276988948054,silver,11.83973164910007,6.102541166062089
37.jpg,-15.021741748948008,6.8919739423891055,,,-13.05,7.25,-14.504039910314042,6.447606438356699,black,-14.51489064598845,6.443956388947141
37.jpg,-11.221247276572113,17.827942576052383,,,-10.15,15.95,-10.765863723839773,16.64368006929438,white,-10.765858802530158,16.643680069294444
100.jpg,11.17378026475991,19.242850104199533,,,10.15,17.4,10.872258491045054,17.906212400872114,white,10.871638826069507,17.902461450113865
100.jpg,-0.25953640315276827,15.607944975448731,,,0.0,14.5,-0.15903309238050178,14.567968914562709,black,-0.1622093502159423,14.574422800164736
100.jpg,-3.1847014108424467,25.23920085888668,,,-2.9,23.2,-2.94705438186643,23.611605931332235,silver,-2.964340209960943,23.611605931332722
40.jpg,1.5772381504186606,10.587374565927686,,,1.45,10.15,1.6059974331457705,9.847026321735788,white,1.606083711664688,9.847026321735608
40.jpg,12.192200382881921,6.630741527501236,,,11.6,5.8,11.827114349474737,6.1218389314144925,silver,11.820390394525365,6.123100197097909
40.jpg,-5.250651753673958,20.907320229082252,,,-4.35,18.85,-4.964416267766643,19.541620857484876,black,-4.9660759661999965,19.541620857484766
83.jpg,-5.322085531655844,24.28514633503531,,,-4.35,21.75,-5.011008629601639,22.725470805921052,black,-5.015693090932912,22.72547080592082
83.jpg,12.15268744926948,19.01113074467319,,,11.6,17.4,11.815599687709172,17.685595200734245,silver,11.81688080679383,17.693350059863853
83.jpg,-11.200550025632262,4.053323524848262,,,-10.15,4.35,-10.856795117227708,3.7954562455720824,white,-10.85543376152086,3.793870323015795
28.jpg,11.255221972723001,24.0935326350395,,,10.15,21.75,10.941692860921224,22.457653684681073,white,10.94169286091784,22.45996356392834
28.jpg,-5.652718888841422,20.67619062916687,,,-4.35,18.85,-5.350389691682409,19.322328760290656,black,-5.352233603662565,19.322328760290535
28.jpg,-9.026767624850478,0.3385430795358365,,,-8.7,0.0,-8.72535948025565,0.31106888837157864,silver,-8.72597906809389,0.2990835487530703
34.jpg,5.259833109941046,21.052778218572477,,,4.35,18.85,5.177142668831252,19.624860800716505,black,5.177287616880246,19.628142894641286
34.jpg,-14.59651748333903,23.96907329727566,,,-13.05,21.75,-13.877955962974243,22.430922258629653,white,-13.878064910386065,22.43189909282448
34.jpg,-15.163577539596506,6.315361557583719,,,-14.5,5.8,-14.65244555752145,5.903127797860208,silver,-14.668848539276349,5.897610043519248
69.jpg,-1.7126355706382435,17.434546837734338,,,-1.45,15.95,-1.545644093878891,16.274403154089097,black,-1.5455953216466476,16.27440315408848
69.jpg,-14.045672886940363,23.479364197729208,,,-13.05,21.75,-13.364940112812894,21.97694127515394,silver,-13.364952519621408,21.977052515933003
69.jpg,-1.6230016847872522,7.279303581851534,,,-1.45,7.25,-1.5101357739904735,6.75200390127301,white,-1.5099863683085282,6.75215604165305
77.jpg,15.334647810043574,12.77399157195234,,,14.5,11.6,14.861809651740561,11.824847674626175,silver,14.861809651739662,11.824847674625314
77.jpg,8.367450230690363,24.356160212544463,,,7.25,21.75,8.166180057660917,22.711838403609303,black,8.167210347647494,22.718700181117583
77.jpg,-11.195295378449675,4.056377135623052,,,-10.15,4.35,-10.851789939211882,3.798267435390283,white,-10.850445276635956,3.796700959634516
41.jpg,-3.1061227064465142,9.440673259768788,,,-2.9,8.7,-2.9410060208680515,8.803689688965036,silver,-2.9431750214113848,8.799374762352295
41.jpg,-5.328738772535031,20.82199364808936,,,-4.35,18.85,-5.039429322955229,19.46066435126848,black,-5.041073139762389,19.460664351268374
78.jpg,15.307887728020335,12.792409523884498,,,14.5,11.6,14.83636687741912,11.842322335191952,silver,14.836366877418222,11.84232233519109
78.jpg,15.102579980669004,24.47355246490211,,,13.05,21.75,14.602313234147365,22.787978533382553,black,14.604177285614995,22.78606240318338
78.jpg,-11.132405120578436,4.054435342074032,,,-10.15,4.35,-10.791771386930648,3.7963359106129015,white,-10.790539621683095,3.7949009555307733
88.jpg,8.39314757508117,20.83801344486878,,,7.25,18.85,8.189878026306866,19.397569671508002,black,8.189760940327382,19.397805089063713
88.jpg,1.3780377568566304,24.104003877111698,,,1.45,21.75,1.4474728220249822,22.55722392835115,white,1.4474852092034567,22.557223928351053
88.jpg,2.9606496043019486,12.6017667206632,,,2.9,11.6,2.951782486286569,11.72921739683476,silver,2.951782486286742,11.73592063228934
